Workbook

Sheet Slip Gaji
B1: Form Print Out Slip Gaji
B2: Masukan NIP Anda
B3: 2015-F-P3-0001
B7: SLIP GAJI PEGAWAI
B9: NIP | C9: =B3 -> 2015-F-P3-0001
B10: Nama | C10: =_xlfn.XLOOKUP(C9,'Data Gaji Pegawai'!B1:B702,'Data Gaji Pegawai'!C1:C702,0) -> Dian Simanjuntak
B11: Divisi | C11: =_xlfn.XLOOKUP(C9,'Data Gaji Pegawai'!B1:B702,'Data Gaji Pegawai'!D1:D702,0) -> Finance
B12: Posisi | C12: =_xlfn.XLOOKUP(C9,'Data Gaji Pegawai'!B1:B702,'Data Gaji Pegawai'!E1:E702,0) -> Supervisor
B13: Tanggal | C13: =TODAY() -> 46205
B16: DITERIMA | D16: DIPOTONG
B17: Gaji Pokok | C17: =_xlfn.XLOOKUP(C9,'Data Gaji Pegawai'!B1:B702,'Data Gaji Pegawai'!G1:G702,0) -> 8000000 | D17: BPJS Ketenagakerjaan | E17: =_xlfn.XLOOKUP(C9,'Data Gaji Pegawai'!B1:B702,'Data Gaji Pegawai'!M1:M702,0) -> 160000
B18: Lembur | C18: =_xlfn.XLOOKUP(C9,'Data Gaji Pegawai'!B1:B702,'Data Gaji Pegawai'!I1:I702,0) -> 400000 | D18: BPJS Kesehatan | E18: =_xlfn.XLOOKUP(C9,'Data Gaji Pegawai'!B1:B702,'Data Gaji Pegawai'!O1:O702,0) -> 80000
B19: THR | C19: =_xlfn.XLOOKUP(C9,'Data Gaji Pegawai'!B1:B702,'Data Gaji Pegawai'!K1:K702,0) -> 0 | D19: Cicilan | E19: =_xlfn.XLOOKUP(C9,'Data Gaji Pegawai'!B1:B702,'Data Gaji Pegawai'!R1:R702,0) -> 3000000
B20: BPJS Ketenagakerjaan | C20: =_xlfn.XLOOKUP(C9,'Data Gaji Pegawai'!B1:B702,'Data Gaji Pegawai'!L1:L702,0) -> 296000 | D20: Pph21 | E20: =_xlfn.XLOOKUP(C9,'Data Gaji Pegawai'!B1:B702,'Data Gaji Pegawai'!S1:S702,0) -> 640000
B21: BPJS Kesehatan | C21: =_xlfn.XLOOKUP(C9,'Data Gaji Pegawai'!B1:B702,'Data Gaji Pegawai'!N1:N702,0) -> 320000
B22: Bonus Transport | C22: =_xlfn.XLOOKUP(C9,'Data Gaji Pegawai'!B1:B702,'Data Gaji Pegawai'!Q1:Q702,0) -> 1200000
B25: Total Penerimaan | C25: =SUM(C17:C22) -> 10216000 | D25: Total Potongan | E25: =SUM(E17:E20) -> 3880000
C27: Gaji Bersih | E27: =C25-E25 -> 6336000
C28: Terbilang | D28: {=[1]!Terbilang(E27,3,"",0)& " Rupiah"} -> Enam Juta Tiga Ratus Tiga Puluh Enam Ribu Rupiah
B35: Penerima | E35: Diserahkan Oleh
B41: =C10 -> Dian Simanjuntak | E41: ="Finance Manager" -> Finance Manager

Sheet Data Gaji Pegawai
A1: No | B1: NIP | C1: Nama Pegawai | D1: Divisi | E1: Posisi | F1: Tahun Masuk | G1: Gaji Pokok | H1: Total Jam Lembur | I1: Lembur | J1: Lama Bekerja | K1: THR | L1: BPJS Ketenagakerjaan | N1: BPJS Kesehatan | P1: Perjalanan Dinas | Q1: Bonus Transport | R1: Cicilan | S1: PPh21
L2: Perusahaan | M2: Pegawai | N2: Perusahaan | O2: Pegawai
A3: 1 | B3: 2025-H-P1-0001 | C3: Kartika Suryadi | D3: =VLOOKUP(MID(B3,6,1),'Tabel Acuan'!$A$10:$B$17,2,0) -> Human Resources (HR) | E3: =VLOOKUP(MID(B3,8,2),'Tabel Acuan'!$A$1:$B$6,2,0) -> Staff | F3: 45772 | G3: {=INDEX('Tabel Acuan'!$F$4:$F$39, MATCH(1,('Tabel Acuan'!$D$4:$D$39='Data Gaji Pegawai'!D3)*('Tabel Acuan'!$E$4:$E$39='Data Gaji Pegawai'!E3),0))} -> 5000000 | H3: =I3/100000 -> 8 | I3: 800000 | J3: =INT((TODAY()-F3)/30.417) -> 14 | K3: =IF(MONTH(TODAY())=12, IF(J3>=12,G3,G3*(J3/12)), 0) -> 0 | L3: =G3*3.7% -> 185000 | M3: =G3*2% -> 100000 | N3: =G3*4% -> 200000 | O3: =G3*1% -> 50000 | P3: 3 | Q3: =P3*200000 -> 600000 | R3: 2500000 | S3: =8%*G3 -> 400000
A4: 2 | B4: 2016-M-P2-0001 | C4: Dewi Wibowo | D4: =VLOOKUP(MID(B4,6,1),'Tabel Acuan'!$A$10:$B$17,2,0) -> Marketing | E4: =VLOOKUP(MID(B4,8,2),'Tabel Acuan'!$A$1:$B$6,2,0) -> Senior Staff | F4: 42481 | G4: {=INDEX('Tabel Acuan'!$F$4:$F$39, MATCH(1,('Tabel Acuan'!$D$4:$D$39='Data Gaji Pegawai'!D4)*('Tabel Acuan'!$E$4:$E$39='Data Gaji Pegawai'!E4),0))} -> 6400000 | H4: =I4/100000 -> 14 | I4: 1400000 | J4: =INT((TODAY()-F4)/30.417) -> 122 | K4: =IF(MONTH(TODAY())=12, IF(J4>=12,G4,G4*(J4/12)), 0) -> 0 | L4: =G4*3.7% -> 236800 | M4: =G4*2% -> 128000 | N4: =G4*4% -> 256000 | O4: =G4*1% -> 64000 | P4: 0 | Q4: =P4*200000 -> 0 | R4: 4000000 | S4: =8%*G4 -> 512000
A5: 3 | B5: 2025-S-P2-0001 | C5: Bayu Panjaitan | D5: =VLOOKUP(MID(B5,6,1),'Tabel Acuan'!$A$10:$B$17,2,0) -> Sales | E5: =VLOOKUP(MID(B5,8,2),'Tabel Acuan'!$A$1:$B$6,2,0) -> Senior Staff | F5: 45959 | G5: {=INDEX('Tabel Acuan'!$F$4:$F$39, MATCH(1,('Tabel Acuan'!$D$4:$D$39='Data Gaji Pegawai'!D5)*('Tabel Acuan'!$E$4:$E$39='Data Gaji Pegawai'!E5),0))} -> 6000000 | H5: =I5/100000 -> 17 | I5: 1700000 | J5: =INT((TODAY()-F5)/30.417) -> 8 | K5: =IF(MONTH(TODAY())=12, IF(J5>=12,G5,G5*(J5/12)), 0) -> 0 | L5: =G5*3.7% -> 222000 | M5: =G5*2% -> 120000 | N5: =G5*4% -> 240000 | O5: =G5*1% -> 60000 | P5: 0 | Q5: =P5*200000 -> 0 | R5: 500000 | S5: =8%*G5 -> 480000
A6: 4 | B6: 2021-L-P1-0001 | C6: Ayu Junaedi | D6: =VLOOKUP(MID(B6,6,1),'Tabel Acuan'!$A$10:$B$17,2,0) -> Logistics | E6: =VLOOKUP(MID(B6,8,2),'Tabel Acuan'!$A$1:$B$6,2,0) -> Staff | F6: 44369 | G6: {=INDEX('Tabel Acuan'!$F$4:$F$39, MATCH(1,('Tabel Acuan'!$D$4:$D$39='Data Gaji Pegawai'!D6)*('Tabel Acuan'!$E$4:$E$39='Data Gaji Pegawai'!E6),0))} -> 5200000 | H6: =I6/100000 -> 6 | I6: 600000 | J6: =INT((TODAY()-F6)/30.417) -> 60 | K6: =IF(MONTH(TODAY())=12, IF(J6>=12,G6,G6*(J6/12)), 0) -> 0 | L6: =G6*3.7% -> 192400 | M6: =G6*2% -> 104000 | N6: =G6*4% -> 208000 | O6: =G6*1% -> 52000 | P6: 2 | Q6: =P6*200000 -> 400000 | R6: 1250000 | S6: =8%*G6 -> 416000
A7: 5 | B7: 2020-M-P1-0001 | C7: Ani Syahputra | D7: =VLOOKUP(MID(B7,6,1),'Tabel Acuan'!$A$10:$B$17,2,0) -> Marketing | E7: =VLOOKUP(MID(B7,8,2),'Tabel Acuan'!$A$1:$B$6,2,0) -> Staff | F7: 44066 | G7: {=INDEX('Tabel Acuan'!$F$4:$F$39, MATCH(1,('Tabel Acuan'!$D$4:$D$39='Data Gaji Pegawai'!D7)*('Tabel Acuan'!$E$4:$E$39='Data Gaji Pegawai'!E7),0))} -> 5300000 | H7: =I7/100000 -> 34 | I7: 3400000 | J7: =INT((TODAY()-F7)/30.417) -> 70 | K7: =IF(MONTH(TODAY())=12, IF(J7>=12,G7,G7*(J7/12)), 0) -> 0 | L7: =G7*3.7% -> 196100 | M7: =G7*2% -> 106000 | N7: =G7*4% -> 212000 | O7: =G7*1% -> 53000 | P7: 3 | Q7: =P7*200000 -> 600000 | R7: 1500000 | S7: =8%*G7 -> 424000
A8: 6 | B8: 2016-M-P1-0001 | C8: Satrio Aritonang | D8: =VLOOKUP(MID(B8,6,1),'Tabel Acuan'!$A$10:$B$17,2,0) -> Marketing | E8: =VLOOKUP(MID(B8,8,2),'Tabel Acuan'!$A$1:$B$6,2,0) -> Staff | F8: 42555 | G8: {=INDEX('Tabel Acuan'!$F$4:$F$39, MATCH(1,('Tabel Acuan'!$D$4:$D$39='Data Gaji Pegawai'!D8)*('Tabel Acuan'!$E$4:$E$39='Data Gaji Pegawai'!E8),0))} -> 5300000 | H8: =I8/100000 -> 36 | I8: 3600000 | J8: =INT((TODAY()-F8)/30.417) -> 119 | K8: =IF(MONTH(TODAY())=12, IF(J8>=12,G8,G8*(J8/12)), 0) -> 0 | L8: =G8*3.7% -> 196100 | M8: =G8*2% -> 106000 | N8: =G8*4% -> 212000 | O8: =G8*1% -> 53000 | P8: 6 | Q8: =P8*200000 -> 1200000 | R8: 250000 | S8: =8%*G8 -> 424000
A9: 7 | B9: 2025-F-P3-0001 | C9: Hendra Purnomo | D9: =VLOOKUP(MID(B9,6,1),'Tabel Acuan'!$A$10:$B$17,2,0) -> Finance | E9: =VLOOKUP(MID(B9,8,2),'Tabel Acuan'!$A$1:$B$6,2,0) -> Supervisor | F9: 45709 | G9: {=INDEX('Tabel Acuan'!$F$4:$F$39, MATCH(1,('Tabel Acuan'!$D$4:$D$39='Data Gaji Pegawai'!D9)*('Tabel Acuan'!$E$4:$E$39='Data Gaji Pegawai'!E9),0))} -> 8000000 | H9: =I9/100000 -> 24 | I9: 2400000 | J9: =INT((TODAY()-F9)/30.417) -> 16 | K9: =IF(MONTH(TODAY())=12, IF(J9>=12,G9,G9*(J9/12)), 0) -> 0 | L9: =G9*3.7% -> 296000 | M9: =G9*2% -> 160000 | N9: =G9*4% -> 320000 | O9: =G9*1% -> 80000 | P9: 8 | Q9: =P9*200000 -> 1600000 | R9: 1250000 | S9: =8%*G9 -> 640000
A10: 8 | B10: 2017-L-P1-0001 | C10: Rika Firmansyah | D10: =VLOOKUP(MID(B10,6,1),'Tabel Acuan'!$A$10:$B$17,2,0) -> Logistics | E10: =VLOOKUP(MID(B10,8,2),'Tabel Acuan'!$A$1:$B$6,2,0) -> Staff | F10: 43095 | G10: {=INDEX('Tabel Acuan'!$F$4:$F$39, MATCH(1,('Tabel Acuan'!$D$4:$D$39='Data Gaji Pegawai'!D10)*('Tabel Acuan'!$E$4:$E$39='Data Gaji Pegawai'!E10),0))} -> 5200000 | H10: =I10/100000 -> 59 | I10: 5900000 | J10: =INT((TODAY()-F10)/30.417) -> 102 | K10: =IF(MONTH(TODAY())=12, IF(J10>=12,G10,G10*(J10/12)), 0) -> 0 | L10: =G10*3.7% -> 192400 | M10: =G10*2% -> 104000 | N10: =G10*4% -> 208000 | O10: =G10*1% -> 52000 | P10: 2 | Q10: =P10*200000 -> 400000 | R10: 500000 | S10: =8%*G10 -> 416000
A11: 9 | B11: 2023-S-P1-0001 | C11: Eka Sinaga | D11: =VLOOKUP(MID(B11,6,1),'Tabel Acuan'!$A$10:$B$17,2,0) -> Sales | E11: =VLOOKUP(MID(B11,8,2),'Tabel Acuan'!$A$1:$B$6,2,0) -> Staff | F11: 45065 | G11: {=INDEX('Tabel Acuan'!$F$4:$F$39, MATCH(1,('Tabel Acuan'!$D$4:$D$39='Data Gaji Pegawai'!D11)*('Tabel Acuan'!$E$4:$E$39='Data Gaji Pegawai'!E11),0))} -> 5000000 | H11: =I11/100000 -> 59 | I11: 5900000 | J11: =INT((TODAY()-F11)/30.417) -> 37 | K11: =IF(MONTH(TODAY())=12, IF(J11>=12,G11,G11*(J11/12)), 0) -> 0 | L11: =G11*3.7% -> 185000 | M11: =G11*2% -> 100000 | N11: =G11*4% -> 200000 | O11: =G11*1% -> 50000 | P11: 7 | Q11: =P11*200000 -> 1400000 | R11: 5000000 | S11: =8%*G11 -> 400000
A12: 10 | B12: 2015-F-P3-0001 | C12: Dian Simanjuntak | D12: =VLOOKUP(MID(B12,6,1),'Tabel Acuan'!$A$10:$B$17,2,0) -> Finance | E12: =VLOOKUP(MID(B12,8,2),'Tabel Acuan'!$A$1:$B$6,2,0) -> Supervisor | F12: 42142 | G12: {=INDEX('Tabel Acuan'!$F$4:$F$39, MATCH(1,('Tabel Acuan'!$D$4:$D$39='Data Gaji Pegawai'!D12)*('Tabel Acuan'!$E$4:$E$39='Data Gaji Pegawai'!E12),0))} -> 8000000 | H12: =I12/100000 -> 4 | I12: 400000 | J12: =INT((TODAY()-F12)/30.417) -> 133 | K12: =IF(MONTH(TODAY())=12, IF(J12>=12,G12,G12*(J12/12)), 0) -> 0 | L12: =G12*3.7% -> 296000 | M12: =G12*2% -> 160000 | N12: =G12*4% -> 320000 | O12: =G12*1% -> 80000 | P12: 6 | Q12: =P12*200000 -> 1200000 | R12: 3000000 | S12: =8%*G12 -> 640000
A13: 11 | B13: 2020-F-P2-0001 | C13: Irfan Prasetyo | D13: =VLOOKUP(MID(B13,6,1),'Tabel Acuan'!$A$10:$B$17,2,0) -> Finance | E13: =VLOOKUP(MID(B13,8,2),'Tabel Acuan'!$A$1:$B$6,2,0) -> Senior Staff | F13: 44065 | G13: {=INDEX('Tabel Acuan'!$F$4:$F$39, MATCH(1,('Tabel Acuan'!$D$4:$D$39='Data Gaji Pegawai'!D13)*('Tabel Acuan'!$E$4:$E$39='Data Gaji Pegawai'!E13),0))} -> 6600000 | H13: =I13/100000 -> 9 | I13: 900000 | J13: =INT((TODAY()-F13)/30.417) -> 70 | K13: =IF(MONTH(TODAY())=12, IF(J13>=12,G13,G13*(J13/12)), 0) -> 0 | L13: =G13*3.7% -> 244200 | M13: =G13*2% -> 132000 | N13: =G13*4% -> 264000 | O13: =G13*1% -> 66000 | P13: 8 | Q13: =P13*200000 -> 1600000 | R13: 0 | S13: =8%*G13 -> 528000
A14: 12 | B14: 2023-M-P1-0001 | C14: Panji Nasution | D14: =VLOOKUP(MID(B14,6,1),'Tabel Acuan'!$A$10:$B$17,2,0) -> Marketing | E14: =VLOOKUP(MID(B14,8,2),'Tabel Acuan'!$A$1:$B$6,2,0) -> Staff | F14: 45225 | G14: {=INDEX('Tabel Acuan'!$F$4:$F$39, MATCH(1,('Tabel Acuan'!$D$4:$D$39='Data Gaji Pegawai'!D14)*('Tabel Acuan'!$E$4:$E$39='Data Gaji Pegawai'!E14),0))} -> 5300000 | H14: =I14/100000 -> 25 | I14: 2500000 | J14: =INT((TODAY()-F14)/30.417) -> 32 | K14: =IF(MONTH(TODAY())=12, IF(J14>=12,G14,G14*(J14/12)), 0) -> 0 | L14: =G14*3.7% -> 196100 | M14: =G14*2% -> 106000 | N14: =G14*4% -> 212000 | O14: =G14*1% -> 53000 | P14: 11 | Q14: =P14*200000 -> 2200000 | R14: 0 | S14: =8%*G14 -> 424000
... A702: 700 | B702: 2015-O-P2-0001 | C702: Oscar Syahputra | D702: =VLOOKUP(MID(B702,6,1),'Tabel Acuan'!$A$10:$B$17,2,0) -> Operations | E702: =VLOOKUP(MID(B702,8,2),'Tabel Acuan'!$A$1:$B$6,2,0) -> Senior Staff | F702: 42352 | G702: {=INDEX('Tabel Acuan'!$F$4:$F$39, MATCH(1,('Tabel Acuan'!$D$4:$D$39='Data Gaji Pegawai'!D702)*('Tabel Acuan'!$E$4:$E$39='Data Gaji Pegawai'!E702),0))} -> 6300000 | H702: =I702/100000 -> 20 | I702: 2000000 | J702: =INT((TODAY()-F702)/30.417) -> 126 | K702: =IF(MONTH(TODAY())=12, IF(J702>=12,G702,G702*(J702/12)), 0) -> 0 | L702: =G702*3.7% -> 233100 | M702: =G702*2% -> 126000 | N702: =G702*4% -> 252000 | O702: =G702*1% -> 63000 | P702: 0 | Q702: =P702*200000 -> 0 | R702: 0 | S702: =8%*G702 -> 504000

Sheet Tabel Acuan
A1: Kode | B1: Posisi
A2: P1 | B2: Staff
A3: P2 | B3: Senior Staff
A4: P3 | B4: Supervisor | D4: Divisi | E4: Posisi | F4: Gaji
A5: P4 | B5: Assistant Manager | D5: Human Resources (HR) | E5: Staff | F5: 5000000
A6: P5 | B6: Manager | D6: Human Resources (HR) | E6: Senior Staff | F6: 6000000
D7: Human Resources (HR) | E7: Supervisor | F7: 7250000
D8: Human Resources (HR) | E8: Assistant Manager | F8: 9000000
D9: Human Resources (HR) | E9: Manager | F9: 12000000
A10: Kode | B10: Divisi | D10: Finance | E10: Staff | F10: 5500000 | I10: NIP | J10: 2021-H-P1-0001
A11: H | B11: Human Resources (HR) | D11: Finance | E11: Senior Staff | F11: 6600000
A12: F | B12: Finance | D12: Finance | E12: Supervisor | F12: 8000000
A13: L | B13: Logistics | D13: Finance | E13: Assistant Manager | F13: 10000000
A14: I | B14: Information Technology (IT) | D14: Finance | E14: Manager | F14: 13500000
A15: M | B15: Marketing | D15: Logistics | E15: Staff | F15: 5200000
A16: S | B16: Sales | D16: Logistics | E16: Senior Staff | F16: 6250000
A17: O | B17: Operations | D17: Logistics | E17: Supervisor | F17: 7500000
D18: Logistics | E18: Assistant Manager | F18: 9300000
D19: Logistics | E19: Manager | F19: 12500000
D20: Information Technology (IT) | E20: Staff | F20: 6000000
D21: Information Technology (IT) | E21: Senior Staff | F21: 7500000
D22: Information Technology (IT) | E22: Supervisor | F22: 9000000
D23: Information Technology (IT) | E23: Assistant Manager | F23: 11500000
D24: Information Technology (IT) | E24: Manager | F24: 15000000
D25: Marketing | E25: Staff | F25: 5300000
D26: Marketing | E26: Senior Staff | F26: 6400000
D27: Marketing | E27: Supervisor | F27: 7800000
D28: Marketing | E28: Assistant Manager | F28: 9800000
D29: Marketing | E29: Manager | F29: 13000000
... D39: Operations | E39: Manager | F39: 13000000

Sheet Ketentuan
A1: Lembur | B1: 100000/jam
A2: BPJS Ketenagakerjaan
A3: Perusahaan | B3: 0.037
A4: Pegawai | B4: 0.02
A5: BPJS Kesehatan
A6: Perusahaan | B6: 0.04
A7: Pegawai | B7: 0.01
A8: THR
A9: >=12 | B9: 1* gaji penuh
A10: <12 | B10: bulan/12 gaji penuh
A11: Transport | B11: 200000 * jumlah
